sofifa_id,short_name,player_positions,overall,potential,value_eur,wage_eur,age,dob,height_cm,weight_kg,club_team_id,club_name,league_name,league_level,club_position,club_jersey_number,club_loaned_from,club_joined,club_contract_valid_until,nationality_id,nationality_name,nation_team_id,nation_position,preferred_foot,weak_foot,skill_moves,international_reputation,work_rate,pace,shooting,passing,dribbling,defending,physic,attacking_crossing,attacking_finishing,attacking_heading_accuracy,attacking_short_passing,attacking_volleys,skill_dribbling,skill_curve,skill_fk_accuracy,skill_long_passing,skill_ball_control,movement_acceleration,movement_sprint_speed,movement_agility,movement_reactions,movement_balance,power_shot_power,power_jumping,power_stamina,power_strength,power_long_shots,mentality_aggression,mentality_interceptions,mentality_positioning,mentality_vision,mentality_penalties,mentality_composure,defending_marking_awareness,defending_standing_tackle,defending_sliding_tackle,goalkeeping_diving,goalkeeping_handling,goalkeeping_kicking,goalkeeping_positioning,goalkeeping_reflexes,goalkeeping_speed,ls,st,rs,lw,lf,cf,rf,rw,lam,cam,ram,lm,lcm,cm,rcm,rm,lwb,ldm,cdm,rdm,rwb,lb,lcb,cb,rcb,rb,gk
164835,Ł. Fabiański,GK,82,82,3400000,43000,36,1985-04-18,190,83,19,West Ham United,English Premier League,1,GK,1,nan,2018-06-20,2022,37,Poland,nan,nan,Right,2,1,2,Medium/Medium,nan,nan,nan,nan,nan,nan,14,13,11,20,17,14,18,12,32,22,50,47,53,75,44,53,69,25,65,20,43,16,15,52,22,63,14,12,13,82,82,71,83,82,49,29+2,29+2,29+2,28,30,30,30,28,30+2,30+2,30+2,29+2,29+2,29+2,29+2,29+2,25+2,27+2,27+2,27+2,25+2,25+2,27+2,27+2,27+2,25+2,81+1
193105,A. Areola,GK,82,84,26000000,75000,28,1993-02-27,195,94,19,West Ham United,English Premier League,1,SUB,13,Paris Saint-Germain,nan,2022,18,France,nan,nan,Right,3,1,2,Medium/Medium,nan,nan,nan,nan,nan,nan,20,19,14,48,16,15,16,16,37,22,56,54,58,78,58,57,72,38,80,14,26,23,17,51,25,64,13,18,12,85,79,76,80,85,55,34+2,34+2,34+2,33,34,34,34,33,36+2,36+2,36+2,35+2,36+2,36+2,36+2,35+2,32+2,34+2,34+2,34+2,32+2,31+2,31+2,31+2,31+2,31+2,81+2
234378,D. Rice,"CDM, CM",82,87,43000000,69000,22,1999-01-14,185,80,19,West Ham United,English Premier League,1,LDM,41,nan,2016-06-29,2024,14,England,1318,CDM,Right,3,2,1,Medium/High,66,53,71,74,81,79,50,42,71,82,40,75,58,53,80,79,64,68,53,77,61,70,74,84,76,60,82,83,54,75,71,80,80,83,80,8,11,14,5,9,nan,64+2,64+2,64+2,66,68,68,68,66,71+2,71+2,71+2,70+2,76+2,76+2,76+2,70+2,76+2,81+2,81+2,81+2,76+2,76+2,79+2,79+2,79+2,76+2,16+2
236792,T. Souček,"CDM, CM",82,85,36000000,81000,26,1995-02-27,192,86,19,West Ham United,English Premier League,1,RDM,28,nan,2020-07-27,2024,12,Czech Republic,1330,RDM,Right,3,3,1,High/High,64,72,74,74,82,85,69,73,83,81,59,74,63,53,76,77,61,66,66,81,58,73,90,92,84,70,76,83,75,72,70,78,81,82,79,11,13,5,6,8,nan,75+2,75+2,75+2,73,74,74,74,73,75+2,75+2,75+2,75+2,78+2,78+2,78+2,75+2,78+2,81+2,81+2,81+2,78+2,79+2,81+2,81+2,81+2,79+2,17+2
204311,K. Zouma,CB,81,84,30000000,75000,26,1994-10-27,190,95,19,West Ham United,English Premier League,1,SUB,4,nan,2021-08-28,2025,18,France,1335,SUB,Right,3,2,2,Medium/Medium,65,51,63,57,81,85,49,47,84,72,47,50,60,59,68,64,54,74,52,78,52,63,91,67,93,49,84,80,49,60,59,69,81,82,78,14,14,7,9,15,nan,62+2,62+2,62+2,58,60,60,60,58,60+2,60+2,60+2,60+2,66+2,66+2,66+2,60+2,70+2,75+2,75+2,75+2,70+2,73+2,81+2,81+2,81+2,73+2,20+2
183855,A. Ogbonna,CB,80,80,10000000,70000,33,1988-05-23,191,86,19,West Ham United,English Premier League,1,LCB,21,nan,2015-07-10,2022,27,Italy,nan,nan,Left,3,2,2,Medium/Medium,56,40,60,62,82,76,51,25,82,70,30,61,51,36,69,63,50,61,52,77,51,68,81,64,81,46,78,82,44,55,39,75,82,83,80,5,3,5,4,4,nan,57+2,57+2,57+2,55,57,57,57,55,58+2,58+2,58+2,58+2,64+2,64+2,64+2,58+2,70+2,74+2,74+2,74+2,70+2,72+2,80,80,80,72+2,12+2
241095,N. Vlašić,CAM,80,86,33500000,66000,23,1997-10-04,178,79,19,West Ham United,English Premier League,1,SUB,11,nan,2021-08-31,2026,10,Croatia,nan,nan,Right,5,3,2,High/Medium,83,77,78,82,48,71,71,76,65,81,72,85,70,72,77,80,82,83,78,78,88,80,55,80,69,81,68,26,77,82,66,77,54,55,37,6,14,15,9,14,nan,77+2,77+2,77+2,80,80,80,80,80,80+2,80+2,80+2,80+2,76+2,76+2,76+2,80+2,64+2,64+2,64+2,64+2,64+2,61+2,57+2,57+2,57+2,61+2,18+2
244470,V. Coufal,"RB, RWB",80,80,19000000,73000,28,1992-08-22,175,76,19,West Ham United,English Premier League,1,RB,5,nan,2020-10-02,2023,12,Czech Republic,1330,RB,Right,3,3,1,High/High,77,56,73,75,78,81,81,50,70,75,61,73,75,42,73,76,76,77,74,78,84,66,84,86,76,59,86,76,69,69,49,72,78,81,78,13,12,12,6,13,nan,68+2,68+2,68+2,72,70,70,70,72,71+2,71+2,71+2,74+2,74+2,74+2,74+2,74+2,78+2,77+2,77+2,77+2,78+2,78+2,78+2,78+2,78+2,78+2,18+2
189615,A. Cresswell,"LB, CB",79,79,12500000,66000,31,1989-12-15,175,66,19,West Ham United,English Premier League,1,LB,3,nan,2014-07-03,2023,14,England,nan,nan,Left,3,3,2,High/Medium,70,60,75,76,77,68,83,54,68,77,48,76,80,73,69,77,73,67,73,78,81,71,86,74,61,66,73,77,60,68,59,72,78,78,79,14,7,9,9,12,nan,67+2,67+2,67+2,72,70,70,70,72,71+2,71+2,71+2,73+2,73+2,73+2,73+2,73+2,77+2,75+2,75+2,75+2,77+2,77+2,75+2,75+2,75+2,77+2,18+2
190717,M. Antonio,"ST, RM",79,79,15000000,79000,31,1990-03-28,178,82,19,West Ham United,English Premier League,1,ST,9,nan,2015-09-01,2023,82,Jamaica,nan,nan,Right,3,4,2,High/Medium,83,76,73,78,55,83,75,79,84,75,70,79,66,60,72,76,79,87,80,80,78,79,91,76,86,68,83,45,80,74,75,70,51,56,53,12,13,8,14,10,nan,79,79,79,78,78,78,78,78,77+2,77+2,77+2,78+1,73+2,73+2,73+2,78+1,67+2,66+2,66+2,66+2,67+2,66+2,66+2,66+2,66+2,66+2,19+2
226456,Pablo Fornals,"LM, RM, CAM",79,82,23000000,69000,25,1996-02-22,178,67,19,West Ham United,English Premier League,1,RM,8,nan,2019-07-01,2024,45,Spain,nan,nan,Right,3,4,2,High/High,68,74,79,79,69,68,77,72,50,81,72,79,71,70,78,83,70,66,76,75,75,77,48,81,63,79,70,71,76,80,55,77,70,72,71,9,11,12,7,15,nan,72+2,72+2,72+2,77,77,77,77,77,78+2,78+2,78+2,77+2,79+2,79+2,79+2,77+2,75+2,75+2,75+2,75+2,75+2,73+2,68+2,68+2,68+2,73+2,18+2
224371,J. Bowen,"RM, ST",78,83,21000000,57000,24,1996-12-20,175,70,19,West Ham United,English Premier League,1,SUB,20,nan,2020-01-31,2025,14,England,nan,nan,Left,3,4,1,High/Medium,76,74,73,79,44,65,76,78,64,73,53,80,71,70,67,78,78,75,79,77,82,69,63,78,62,76,56,37,79,74,70,72,49,40,36,14,8,14,10,7,nan,74+2,74+2,74+2,77,77,77,77,77,76+2,76+2,76+2,77+2,71+2,71+2,71+2,77+2,62+2,59+2,59+2,59+2,62+2,59+2,53+2,53+2,53+2,59+2,17+2
188988,M. Lanzini,"CAM, CM, LM",77,77,10500000,64000,28,1993-02-15,167,59,19,West Ham United,English Premier League,1,CAM,10,nan,2016-07-01,2023,52,Argentina,nan,nan,Right,3,4,2,Medium/Medium,71,72,77,81,32,42,74,70,52,79,61,82,76,76,77,80,76,66,84,72,89,76,75,53,31,75,48,27,73,77,73,76,27,36,25,14,9,6,7,15,nan,70+2,70+2,70+2,76,75,75,75,76,77,77,77,75+2,71+2,71+2,71+2,75+2,55+2,53+2,53+2,53+2,55+2,51+2,42+2,42+2,42+2,51+2,18+2
194806,C. Dawson,CB,77,77,7000000,56000,31,1990-05-06,188,77,19,West Ham United,English Premier League,1,RCB,15,nan,2021-07-01,2023,14,England,nan,nan,Right,2,2,2,Low/Medium,51,47,59,57,79,76,65,49,82,66,29,48,45,24,62,67,48,53,56,76,50,57,82,72,78,30,76,80,56,51,66,69,79,78,77,7,8,7,7,5,nan,59+2,59+2,59+2,57,57,57,57,57,57+2,57+2,57+2,59+2,62+2,62+2,62+2,59+2,70+2,72+2,72+2,72+2,70+2,72+2,77,77,77,72+2,14+2
212491,A. Masuaku,"LWB, LB",77,78,11000000,56000,27,1993-11-07,179,70,19,West Ham United,English Premier League,1,SUB,26,nan,2016-08-08,2024,110,Congo DR,nan,nan,Left,2,4,1,High/Medium,80,63,72,79,70,70,78,55,63,75,61,82,72,48,69,78,77,82,77,74,79,75,70,78,67,71,65,69,65,71,49,75,66,75,74,8,7,10,7,7,nan,69+2,69+2,69+2,74,73,73,73,74,73+2,73+2,73+2,75+2,73+2,73+2,73+2,75+2,75+2,72+2,72+2,72+2,75+2,74+2,70+2,70+2,70+2,74+2,15+2
220621,S. Benrahma,"CAM, LM, LW",77,80,14000000,59000,25,1995-08-10,172,67,19,West Ham United,English Premier League,1,LM,22,nan,2021-01-29,2026,97,Algeria,nan,nan,Right,4,4,1,High/Medium,77,72,73,81,38,54,74,72,47,75,64,83,73,69,64,79,79,76,85,73,77,75,56,69,47,73,52,40,75,77,69,74,45,32,23,16,7,8,11,11,nan,71+2,71+2,71+2,77,76,76,76,77,77+2,77+2,77+2,76+2,70+2,70+2,70+2,76+2,60+2,56+2,56+2,56+2,60+2,55+2,46+2,46+2,46+2,55+2,18+2
231633,I. Diop,CB,77,83,15000000,48000,24,1997-01-09,194,92,19,West Ham United,English Premier League,1,SUB,23,nan,2018-06-20,2023,18,France,nan,nan,Right,3,2,2,Medium/Medium,65,36,52,56,78,79,37,30,76,67,48,50,32,34,63,63,60,69,52,73,47,50,74,69,85,31,79,79,42,43,44,70,77,79,78,10,7,6,14,9,nan,54+2,54+2,54+2,52,53,53,53,52,54+2,54+2,54+2,55+2,60+2,60+2,60+2,55+2,67+2,72+2,72+2,72+2,67+2,70+2,77+2,77+2,77+2,70+2,17+2
194794,A. Yarmolenko,"RM, RW, ST",76,76,6000000,57000,31,1989-10-23,190,83,19,West Ham United,English Premier League,1,SUB,7,nan,2018-07-11,2022,49,Ukraine,1366,RW,Left,2,4,3,Medium/Low,61,79,77,78,42,67,78,78,69,77,74,81,81,75,74,80,55,66,65,79,63,82,36,51,75,79,76,54,77,76,85,74,37,35,30,9,5,6,5,14,nan,76,76,76,76,Jan-77,Jan-77,Jan-77,76,76,76,76,75+1,73+3,73+3,73+3,75+1,59+3,61+3,61+3,61+3,59+3,56+3,54+3,54+3,54+3,56+3,16+3
205346,R. Fredericks,"RB, RWB",76,76,7000000,55000,28,1992-10-10,181,74,19,West Ham United,English Premier League,1,SUB,24,nan,2018-07-01,2022,14,England,nan,nan,Right,3,3,1,High/Medium,91,51,66,73,70,69,73,47,56,72,51,74,64,42,60,71,89,92,75,72,76,58,62,74,65,46,73,69,65,60,61,63,72,71,74,16,7,8,15,9,nan,64+2,64+2,64+2,70,67,67,67,70,68+2,68+2,68+2,71+2,67+2,67+2,67+2,71+2,74+2,70+2,70+2,70+2,74+2,74+2,69+2,69+2,69+2,74+2,18+2
152879,M. Noble,"CM, CDM, CAM",75,75,2600000,55000,34,1987-05-08,177,76,19,West Ham United,English Premier League,1,SUB,16,nan,2004-08-01,2022,14,England,nan,nan,Right,3,3,2,Medium/Medium,37,67,76,73,72,70,71,60,62,78,68,74,71,67,79,76,44,32,62,74,69,74,56,68,67,69,85,73,64,78,92,77,71,74,75,7,6,14,16,11,nan,65+2,65+2,65+2,67,68,68,68,67,71+2,71+2,71+2,68+2,75,75,75,68+2,70+2,75,75,75,70+2,69+2,71+2,71+2,71+2,69+2,17+2
169697,D. Randolph,GK,75,75,950000,40000,34,1987-05-12,188,78,19,West Ham United,English Premier League,1,RES,35,nan,2020-01-15,2023,25,Republic of Ireland,1355,GK,Right,3,1,1,Medium/Medium,nan,nan,nan,nan,nan,nan,11,14,16,33,16,14,15,14,34,33,41,44,50,73,43,50,61,34,57,14,29,18,11,35,30,36,15,14,14,77,72,67,73,76,42,30+2,30+2,30+2,28,30,30,30,28,31+2,31+2,31+2,29+2,31+2,31+2,31+2,29+2,27+2,30+2,30+2,30+2,27+2,27+2,27+2,27+2,27+2,27+2,74+1
247028,A. Král,"CDM, CM",75,83,12000000,37000,23,1998-05-19,186,76,19,West Ham United,English Premier League,1,SUB,33,Spartak Moskva,nan,2022,12,Czech Republic,1330,SUB,Right,3,3,1,High/Medium,75,70,71,75,72,79,68,66,72,75,65,75,65,51,72,74,76,75,76,73,77,76,78,88,76,75,76,74,68,71,59,72,72,71,69,11,13,10,11,12,nan,72+2,72+2,72+2,72,72,72,72,72,73+2,73+2,73+2,73+2,74+2,74+2,74+2,73+2,74+2,74+2,74+2,74+2,74+2,73+2,73+2,73+2,73+2,73+2,18+2
176285,W. Reid,CB,72,72,1500000,38000,32,1988-07-03,190,87,19,West Ham United,English Premier League,1,SUB,2,nan,2010-08-01,2023,198,New Zealand,111473,RCB,Right,3,2,2,Low/High,40,51,45,41,73,68,28,46,77,55,30,34,33,38,50,43,38,41,49,71,39,69,71,34,81,53,78,73,42,44,55,55,70,74,74,13,15,9,10,12,nan,53+2,53+2,53+2,44,48,48,48,44,47+2,47+2,47+2,43+2,51+2,51+2,51+2,43+2,54+2,62+2,62+2,62+2,54+2,58+2,72,72,72,58+2,19+2
241842,B. Johnson,"RB, LB",68,78,2600000,15000,21,2000-01-24,180,69,19,West Ham United,English Premier League,1,SUB,31,nan,2017-12-03,2022,14,England,nan,nan,Right,4,2,1,High/Medium,74,37,55,64,65,65,66,32,58,60,30,63,58,39,49,65,72,75,66,60,72,45,66,73,64,36,55,64,53,43,39,59,63,68,66,10,10,15,12,9,nan,53+2,53+2,53+2,58,55,55,55,58,56+2,56+2,56+2,60+2,57+2,57+2,57+2,60+2,66+2,62+2,62+2,62+2,66+2,66+2,63+2,63+2,63+2,66+2,16+2
116314,D. Martin,GK,65,65,80000,7000,35,1986-01-22,188,86,19,West Ham United,English Premier League,1,RES,25,nan,2019-07-01,2022,14,England,nan,nan,Right,2,1,1,Medium/Medium,nan,nan,nan,nan,nan,nan,18,15,18,33,14,16,13,19,27,30,42,36,59,64,40,50,60,38,70,14,28,15,13,44,15,60,15,12,12,65,62,66,65,64,40,30+2,30+2,30+2,29,30,30,30,29,31+2,31+2,31+2,30+2,31+2,31+2,31+2,30+2,26+2,29+2,29+2,29+2,26+2,26+2,27+2,27+2,27+2,26+2,64+1
253729,A. Okoflex,"LM, ST, CAM",59,78,575000,5000,19,2002-03-02,186,72,19,West Ham United,English Premier League,1,RES,29,nan,2021-07-01,2023,25,Republic of Ireland,nan,nan,Right,3,3,1,High/Medium,77,57,50,66,25,52,52,56,51,52,42,65,51,49,40,64,76,78,78,48,79,63,48,55,58,57,33,16,54,53,59,58,26,23,17,13,8,5,9,15,nan,58+2,58+2,58+2,60,59,59,59,60,58+2,58+2,58+2,58+2,50+2,50+2,50+2,58+2,44+2,39+2,39+2,39+2,44+2,41+2,35+2,35+2,35+2,41+2,15+2
258805,H. Ashby,RB,59,73,500000,4000,19,2001-11-14,180,75,19,West Ham United,English Premier League,1,RES,50,nan,2020-07-01,2022,42,Scotland,nan,nan,Right,3,2,1,High/Medium,73,37,46,53,53,60,56,30,50,46,29,52,47,50,40,51,72,74,55,61,67,49,66,67,58,38,55,55,47,40,39,49,52,55,53,6,11,7,14,13,nan,49+2,49+2,49+2,51,49,49,49,51,48+2,48+2,48+2,53+2,48+2,48+2,48+2,53+2,57+2,52+2,52+2,52+2,57+2,57+2,55+2,55+2,55+2,57+2,16+2
240867,A. Alese,"CB, LB",57,70,375000,6000,20,2001-01-17,185,70,19,West Ham United,English Premier League,1,RES,39,nan,2018-07-04,2023,14,England,nan,nan,Left,3,2,1,Medium/Medium,71,35,39,46,56,63,31,31,54,47,34,42,34,27,41,45,74,68,53,52,58,43,73,52,72,35,54,57,39,34,28,53,55,57,55,14,6,14,10,6,nan,46+2,46+2,46+2,45,44,44,44,45,44+2,44+2,44+2,45+2,44+2,44+2,44+2,45+2,51+2,51+2,51+2,51+2,51+2,53+2,57+2,57+2,57+2,53+2,14+2
261640,J. Baptiste,"CB, RB",57,78,500000,500,17,2003-11-11,183,75,19,West Ham United,English Premier League,1,RES,75,nan,2020-11-12,2023,14,England,nan,nan,Right,3,2,1,Medium/Medium,63,31,44,43,56,60,42,28,54,50,31,39,31,33,48,45,65,61,48,53,48,40,69,49,67,30,55,55,31,39,35,50,55,59,56,11,14,13,13,7,nan,43+2,43+2,43+2,43,42,42,42,43,43+2,43+2,43+2,45+2,45+2,45+2,45+2,45+2,52+2,52+2,52+2,52+2,52+2,54+2,57+2,57+2,57+2,54+2,16+2
234571,Mésaque Djú,"RM, ST",56,65,325000,8000,22,1999-03-18,178,63,19,West Ham United,English Premier League,1,RES,36,nan,2019-01-30,2022,38,Portugal,nan,nan,Right,2,3,1,High/Medium,72,51,46,58,27,59,50,50,54,48,44,57,42,30,35,56,72,72,63,56,75,60,44,53,62,45,64,31,58,54,47,55,19,24,24,7,13,7,9,10,nan,56+2,56+2,56+2,56,56,56,56,56,54+2,54+2,54+2,55+2,48+2,48+2,48+2,55+2,44+2,41+2,41+2,41+2,44+2,43+2,39+2,39+2,39+2,43+2,15+2
248473,P. Ekwah Elimby,"CDM, CB",56,73,350000,4000,19,2002-01-15,187,76,19,West Ham United,English Premier League,1,RES,49,nan,2021-07-01,2024,18,France,nan,nan,Left,3,2,1,Medium/Medium,60,33,49,50,55,67,37,26,55,55,33,49,50,51,52,53,61,59,41,47,57,48,73,70,68,33,58,55,31,48,33,49,54,55,57,14,14,15,12,8,nan,45+2,45+2,45+2,45,46,46,46,45,47+2,47+2,47+2,49+2,50+2,50+2,50+2,49+2,54+2,55+2,55+2,55+2,54+2,55+2,57+2,57+2,57+2,55+2,16+2
247622,Bernardo Rosa,"CAM, RWB, CM",55,67,300000,6000,20,2000-09-20,177,74,19,West Ham United,English Premier League,1,RES,44,nan,2019-07-01,2022,54,Brazil,nan,nan,Right,3,3,1,Medium/Medium,64,44,53,60,45,47,47,44,31,57,38,60,48,37,53,58,68,61,68,48,78,47,50,58,43,41,42,44,49,56,44,53,46,48,45,12,14,6,9,14,nan,49+2,49+2,49+2,55,53,53,53,55,55+2,55+2,55+2,55+2,54+2,54+2,54+2,55+2,52+2,50+2,50+2,50+2,52+2,50+2,45+2,45+2,45+2,50+2,16+2
251516,O. Ashley,CM,52,64,200000,6000,21,2000-02-23,180,82,19,West Ham United,English Premier League,1,RES,52,nan,2020-09-02,2022,14,England,nan,nan,Right,3,2,1,Medium/Medium,71,43,50,53,40,66,41,42,42,55,39,53,34,39,52,52,70,71,54,51,66,49,54,69,69,40,57,40,50,53,37,47,34,45,44,12,6,14,13,11,nan,51+2,51+2,51+2,52,52,52,52,52,53+2,53+2,53+2,54+2,52+2,52+2,52+2,54+2,50+2,50+2,50+2,50+2,50+2,50+2,48+2,48+2,48+2,50+2,15+2
